entry_time,exit_time,right,strike,entry_option,exit_option,pnl_dollar,pnl_pct,exit_reason,underlying,date
2026-01-27 12:00:00-05:00,2026-01-27 12:10:00-05:00,P,696.0,1.15,1.27,10.24,8.9,profit_target,695.77,2026-01-27
2026-01-27 12:05:00-05:00,2026-01-27 12:15:00-05:00,P,695.0,0.77,0.92,13.0,16.8,profit_target,695.54,2026-01-27
2026-01-27 12:20:00-05:00,2026-01-27 12:25:00-05:00,P,694.0,0.56,0.47,-11.06,-19.9,stop_loss,695.97,2026-01-27
2026-01-27 12:35:00-05:00,2026-01-27 12:55:00-05:00,P,695.0,0.86,0.96,8.25,9.6,profit_target,695.43,2026-01-27
2026-01-27 12:40:00-05:00,2026-01-27 12:55:00-05:00,P,696.0,1.33,1.44,9.35,7.0,profit_target,695.43,2026-01-27
2026-01-27 12:30:00-05:00,2026-01-27 13:00:00-05:00,P,694.0,0.53,0.71,16.11,30.3,profit_target,695.1,2026-01-27
2026-01-27 13:05:00-05:00,2026-01-27 13:10:00-05:00,P,694.0,0.72,0.61,-13.81,-19.1,stop_loss,695.43,2026-01-27
2026-01-27 13:15:00-05:00,2026-01-27 13:20:00-05:00,P,697.0,1.88,1.71,-18.93,-10.1,stop_loss,695.95,2026-01-27
2026-01-27 13:30:00-05:00,2026-01-27 13:40:00-05:00,C,697.0,0.96,0.85,-13.08,-13.6,stop_loss,695.76,2026-01-27
2026-01-27 13:35:00-05:00,2026-01-27 13:40:00-05:00,C,695.0,1.94,1.85,-10.05,-5.2,stop_loss,695.76,2026-01-27
2026-01-27 13:25:00-05:00,2026-01-27 13:55:00-05:00,C,696.0,1.32,1.43,8.52,6.4,profit_target,696.03,2026-01-27
2026-01-27 14:00:00-05:00,2026-01-27 14:25:00-05:00,C,696.0,1.37,1.5,10.57,7.7,profit_target,696.17,2026-01-27
2026-01-27 13:45:00-05:00,2026-01-27 14:30:00-05:00,C,697.0,0.92,1.03,8.77,9.6,profit_target,696.21,2026-01-27
2026-01-27 14:40:00-05:00,2026-01-27 15:10:00-05:00,C,696.0,1.5,1.61,8.37,5.6,profit_target,696.37,2026-01-27
2026-01-27 14:35:00-05:00,2026-01-27 15:25:00-05:00,C,697.0,1.03,0.93,-11.83,-11.5,stop_loss,696.0,2026-01-27
2026-01-27 15:15:00-05:00,2026-01-27 15:25:00-05:00,C,696.0,1.56,1.4,-18.61,-11.9,stop_loss,696.0,2026-01-27
2026-01-27 13:50:00-05:00,2026-01-27 15:50:00-05:00,C,698.0,0.6,0.49,-13.49,-22.3,stop_loss,695.68,2026-01-27
2026-01-27 15:30:00-05:00,2026-01-27 15:50:00-05:00,P,698.0,2.27,2.55,26.37,11.6,profit_target,695.68,2026-01-27
2026-01-27 15:35:00-05:00,2026-01-27 15:50:00-05:00,P,696.0,1.14,1.29,13.33,11.7,profit_target,695.68,2026-01-27
2026-01-28 09:35:00-05:00,2026-01-28 09:40:00-05:00,P,696.0,1.36,1.2,-17.31,-12.8,stop_loss,697.65,2026-01-28
2026-01-28 09:30:00-05:00,2026-01-28 09:45:00-05:00,P,695.0,0.92,1.09,15.15,16.5,profit_target,697.17,2026-01-28
2026-01-28 09:50:00-05:00,2026-01-28 09:55:00-05:00,P,696.0,1.31,1.61,27.49,21.0,profit_target,697.12,2026-01-28
2026-01-28 10:00:00-05:00,2026-01-28 10:05:00-05:00,P,695.0,1.28,1.45,14.94,11.7,profit_target,696.62,2026-01-28
2026-01-27 15:55:00-05:00,2026-01-28 10:10:00-05:00,P,694.0,0.57,1.33,73.81,130.1,profit_target,696.11,2026-01-27
2026-01-28 10:15:00-05:00,2026-01-28 10:20:00-05:00,P,695.0,1.58,1.45,-15.48,-9.8,stop_loss,696.9,2026-01-28
2026-01-28 10:30:00-05:00,2026-01-28 10:40:00-05:00,P,694.0,1.41,1.67,23.91,16.9,profit_target,695.82,2026-01-28
2026-01-28 10:35:00-05:00,2026-01-28 10:40:00-05:00,P,695.0,1.64,2.08,41.48,25.2,profit_target,695.82,2026-01-28
2026-01-28 10:45:00-05:00,2026-01-28 10:55:00-05:00,P,694.0,1.67,1.77,8.19,4.9,profit_target,695.56,2026-01-28
2026-01-28 10:50:00-05:00,2026-01-28 10:55:00-05:00,P,695.0,2.08,2.19,8.86,4.2,profit_target,695.56,2026-01-28
2026-01-28 11:00:00-05:00,2026-01-28 11:10:00-05:00,P,694.0,1.6,0.9,-71.52,-44.8,stop_loss,696.01,2026-01-28
2026-01-28 11:05:00-05:00,2026-01-28 11:10:00-05:00,P,695.0,1.96,1.25,-72.72,-37.1,stop_loss,696.01,2026-01-28
2026-01-28 11:55:00-05:00,2026-01-28 12:00:00-05:00,P,693.0,0.86,0.74,-14.13,-16.4,stop_loss,695.06,2026-01-28
2026-01-28 12:05:00-05:00,2026-01-28 12:10:00-05:00,P,693.0,0.73,0.64,-11.04,-15.2,stop_loss,695.46,2026-01-28
2026-01-28 10:25:00-05:00,2026-01-28 12:25:00-05:00,C,699.0,1.42,1.49,5.45,3.8,max_hold_time,694.86,2026-01-28
2026-01-28 12:20:00-05:00,2026-01-28 12:30:00-05:00,P,694.0,1.08,1.21,11.05,10.2,profit_target,694.56,2026-01-28
2026-01-28 12:50:00-05:00,2026-01-28 12:55:00-05:00,C,696.0,1.36,1.17,-20.92,-15.4,stop_loss,694.85,2026-01-28
2026-01-28 13:00:00-05:00,2026-01-28 13:10:00-05:00,P,693.0,0.75,0.54,-23.37,-31.0,stop_loss,695.18,2026-01-28
2026-01-28 13:05:00-05:00,2026-01-28 13:10:00-05:00,C,697.0,0.87,0.75,-14.23,-16.3,stop_loss,695.18,2026-01-28
2026-01-28 13:15:00-05:00,2026-01-28 13:20:00-05:00,C,697.0,0.81,0.7,-13.71,-16.8,stop_loss,695.26,2026-01-28
2026-01-28 13:25:00-05:00,2026-01-28 13:30:00-05:00,C,694.0,2.1,1.94,-17.58,-8.4,stop_loss,695.05,2026-01-28
2026-01-28 14:25:00-05:00,2026-01-28 14:30:00-05:00,P,693.0,0.75,0.65,-12.13,-16.2,stop_loss,695.1,2026-01-28
2026-01-28 14:35:00-05:00,2026-01-28 14:45:00-05:00,C,697.0,0.66,1.04,35.21,53.1,profit_target,695.44,2026-01-28
2026-01-28 14:40:00-05:00,2026-01-28 14:45:00-05:00,P,693.0,0.73,0.65,-10.07,-13.9,stop_loss,695.44,2026-01-28
2026-01-28 14:50:00-05:00,2026-01-28 14:55:00-05:00,P,694.0,0.89,1.3,38.82,43.6,profit_target,694.91,2026-01-28
2026-01-28 15:00:00-05:00,2026-01-28 15:05:00-05:00,P,694.0,1.17,1.04,-14.52,-12.5,stop_loss,695.94,2026-01-28
2026-01-28 15:10:00-05:00,2026-01-28 15:20:00-05:00,C,697.0,1.46,1.58,9.93,6.8,profit_target,696.11,2026-01-28
2026-01-28 15:25:00-05:00,2026-01-28 15:30:00-05:00,P,693.0,0.98,1.09,9.55,9.8,profit_target,695.12,2026-01-28
2026-01-28 15:35:00-05:00,2026-01-28 15:40:00-05:00,P,694.0,1.34,1.5,13.79,10.3,profit_target,695.15,2026-01-28
2026-01-28 15:15:00-05:00,2026-01-28 15:50:00-05:00,C,698.0,1.12,1.32,18.15,16.2,profit_target,695.75,2026-01-28
2026-01-28 15:55:00-05:00,2026-01-29 09:30:00-05:00,P,694.0,1.53,0.96,-58.31,-38.2,stop_loss,695.92,2026-01-28
2026-01-28 15:45:00-05:00,2026-01-29 09:35:00-05:00,P,693.0,1.19,0.7,-51.54,-43.2,stop_loss,695.39,2026-01-28
2026-01-29 09:40:00-05:00,2026-01-29 09:45:00-05:00,P,693.0,2.06,1.86,-22.24,-10.8,stop_loss,693.67,2026-01-29
2026-01-29 09:50:00-05:00,2026-01-29 09:55:00-05:00,P,693.0,2.24,3.1,83.78,37.4,profit_target,691.56,2026-01-29
2026-01-29 11:15:00-05:00,2026-01-29 11:20:00-05:00,P,686.0,2.12,1.88,-25.48,-12.0,stop_loss,687.81,2026-01-29
2026-01-29 11:35:00-05:00,2026-01-29 11:40:00-05:00,C,689.0,2.33,2.24,-10.58,-4.5,stop_loss,688.47,2026-01-29
2026-01-29 11:45:00-05:00,2026-01-29 11:50:00-05:00,C,690.0,1.93,1.73,-22.18,-11.5,stop_loss,688.47,2026-01-29
2026-01-29 12:05:00-05:00,2026-01-29 12:10:00-05:00,C,690.0,2.11,2.57,44.23,21.0,profit_target,690.58,2026-01-29
2026-01-29 12:15:00-05:00,2026-01-29 12:25:00-05:00,C,691.0,2.14,2.04,-11.2,-5.2,stop_loss,691.03,2026-01-29
2026-01-29 12:30:00-05:00,2026-01-29 12:40:00-05:00,C,691.0,1.81,1.48,-35.29,-19.5,stop_loss,690.71,2026-01-29
2026-01-29 12:35:00-05:00,2026-01-29 12:40:00-05:00,C,690.0,2.4,2.01,-41.51,-17.3,stop_loss,690.71,2026-01-29
2026-01-29 12:55:00-05:00,2026-01-29 13:00:00-05:00,P,690.0,2.05,1.64,-42.68,-20.8,stop_loss,689.76,2026-01-29
2026-01-29 13:05:00-05:00,2026-01-29 13:10:00-05:00,P,691.0,1.93,1.64,-30.93,-16.1,stop_loss,690.89,2026-01-29
2026-01-30 09:30:00-05:00,2026-01-30 09:40:00-05:00,P,691.0,2.42,2.77,32.78,13.6,profit_target,692.64,2026-01-30
2026-02-02 11:25:00-05:00,2026-02-02 11:55:00-05:00,C,698.0,2.1,1.46,-65.73,-31.3,stop_loss,695.75,2026-02-02
2026-02-02 12:00:00-05:00,2026-02-02 12:05:00-05:00,C,698.0,1.74,1.61,-15.76,-9.0,stop_loss,696.32,2026-02-02
2026-02-02 12:10:00-05:00,2026-02-02 12:20:00-05:00,C,698.0,1.51,1.22,-30.91,-20.5,stop_loss,696.13,2026-02-02
2026-02-02 12:30:00-05:00,2026-02-02 12:35:00-05:00,C,696.0,2.16,2.07,-11.08,-5.1,stop_loss,696.39,2026-02-02
2026-02-02 12:25:00-05:00,2026-02-02 12:40:00-05:00,C,698.0,1.16,0.92,-25.72,-22.3,stop_loss,696.29,2026-02-02
2026-02-02 13:25:00-05:00,2026-02-02 13:40:00-05:00,P,696.0,1.29,1.11,-19.23,-15.0,stop_loss,696.43,2026-02-02
2026-02-02 13:30:00-05:00,2026-02-02 13:40:00-05:00,P,695.0,0.87,0.75,-14.32,-16.4,stop_loss,696.43,2026-02-02
2026-02-02 13:35:00-05:00,2026-02-02 13:40:00-05:00,P,697.0,1.77,1.58,-20.32,-11.5,stop_loss,696.43,2026-02-02
2026-02-03 09:30:00-05:00,2026-02-03 09:35:00-05:00,C,698.0,1.17,1.07,-12.25,-10.5,stop_loss,695.73,2026-02-03
2026-02-03 09:40:00-05:00,2026-02-03 09:50:00-05:00,P,694.0,1.33,2.02,66.99,50.5,profit_target,694.94,2026-02-03
2026-02-03 09:55:00-05:00,2026-02-03 10:00:00-05:00,C,695.0,2.48,2.26,-23.9,-9.6,stop_loss,692.89,2026-02-03
2026-02-03 09:45:00-05:00,2026-02-03 11:45:00-05:00,C,698.0,1.54,1.53,-3.0,-1.9,max_hold_time,691.15,2026-02-03
2026-02-03 12:45:00-05:00,2026-02-03 12:55:00-05:00,P,686.0,1.59,1.72,11.05,7.0,profit_target,687.7,2026-02-03
2026-02-03 12:50:00-05:00,2026-02-03 12:55:00-05:00,P,688.0,2.5,2.6,8.19,3.3,profit_target,687.7,2026-02-03
2026-02-03 13:00:00-05:00,2026-02-03 13:05:00-05:00,P,687.0,2.07,1.97,-12.83,-6.2,stop_loss,687.99,2026-02-03
2026-02-03 13:15:00-05:00,2026-02-03 13:20:00-05:00,P,686.0,2.25,2.49,22.3,9.9,profit_target,686.68,2026-02-03
2026-02-03 13:25:00-05:00,2026-02-03 13:30:00-05:00,P,685.0,2.17,2.3,10.86,5.0,profit_target,686.03,2026-02-03
2026-02-03 13:50:00-05:00,2026-02-03 13:55:00-05:00,P,685.0,2.32,2.58,23.99,10.3,profit_target,684.86,2026-02-03
2026-02-03 14:00:00-05:00,2026-02-03 14:10:00-05:00,P,684.0,2.09,2.33,22.39,10.7,profit_target,686.39,2026-02-03
2026-02-03 14:25:00-05:00,2026-02-03 14:30:00-05:00,P,684.0,2.38,2.49,8.84,3.7,profit_target,685.92,2026-02-03
2026-02-03 14:35:00-05:00,2026-02-03 14:45:00-05:00,P,684.0,2.38,2.66,26.17,11.0,profit_target,685.56,2026-02-03
2026-02-03 14:55:00-05:00,2026-02-03 15:15:00-05:00,C,689.0,2.5,2.61,8.73,3.5,profit_target,687.22,2026-02-03
2026-02-03 15:25:00-05:00,2026-02-03 15:30:00-05:00,C,690.0,2.24,2.99,73.17,32.7,profit_target,688.8,2026-02-03
2026-02-03 15:50:00-05:00,2026-02-04 09:30:00-05:00,C,690.0,2.23,1.96,-28.97,-13.0,stop_loss,689.58,2026-02-03
2026-02-04 09:40:00-05:00,2026-02-04 09:45:00-05:00,C,691.0,2.02,2.19,14.37,7.1,profit_target,691.01,2026-02-04
2026-02-03 14:50:00-05:00,2026-02-04 10:20:00-05:00,P,684.0,2.26,2.19,-9.88,-4.4,max_hold_time,689.98,2026-02-03
2026-02-04 15:10:00-05:00,2026-02-04 15:20:00-05:00,C,687.0,2.15,2.32,14.81,6.9,profit_target,687.8,2026-02-04
2026-02-04 15:50:00-05:00,2026-02-04 15:55:00-05:00,P,686.0,2.09,2.27,15.62,7.5,profit_target,686.12,2026-02-04
2026-02-05 13:10:00-05:00,2026-02-05 13:15:00-05:00,P,681.0,2.22,2.46,21.84,9.8,profit_target,679.76,2026-02-05
2026-02-05 13:20:00-05:00,2026-02-05 13:30:00-05:00,P,680.0,2.27,1.95,-33.85,-14.9,stop_loss,679.46,2026-02-05
2026-02-05 13:25:00-05:00,2026-02-05 13:30:00-05:00,P,679.0,1.75,1.45,-31.9,-18.2,stop_loss,679.46,2026-02-05
2026-02-05 13:35:00-05:00,2026-02-05 13:40:00-05:00,P,679.0,1.7,1.45,-27.01,-15.9,stop_loss,679.01,2026-02-05
2026-02-05 13:45:00-05:00,2026-02-05 13:50:00-05:00,P,678.0,1.25,1.49,22.25,17.8,profit_target,678.02,2026-02-05
2026-02-05 13:55:00-05:00,2026-02-05 14:00:00-05:00,P,678.0,1.38,0.87,-53.72,-38.8,stop_loss,678.95,2026-02-05
2026-02-05 14:10:00-05:00,2026-02-05 14:15:00-05:00,C,680.0,1.86,2.17,28.15,15.1,profit_target,681.13,2026-02-05
2026-02-05 14:20:00-05:00,2026-02-05 14:25:00-05:00,C,681.0,1.63,1.22,-42.28,-26.0,stop_loss,680.25,2026-02-05
2026-02-05 14:30:00-05:00,2026-02-05 14:35:00-05:00,C,680.0,1.4,1.21,-20.9,-14.9,stop_loss,679.05,2026-02-05
2026-02-05 14:50:00-05:00,2026-02-05 14:55:00-05:00,P,677.0,0.81,0.71,-12.33,-15.2,stop_loss,679.09,2026-02-05
2026-02-05 14:40:00-05:00,2026-02-05 15:00:00-05:00,C,681.0,0.78,0.92,11.75,15.0,profit_target,679.47,2026-02-05
2026-02-05 14:45:00-05:00,2026-02-05 15:00:00-05:00,C,680.0,1.09,1.32,21.3,19.5,profit_target,679.47,2026-02-05
2026-02-05 15:05:00-05:00,2026-02-05 15:10:00-05:00,P,679.0,1.0,1.35,33.49,33.6,profit_target,679.87,2026-02-05
2026-02-05 15:15:00-05:00,2026-02-05 15:20:00-05:00,P,677.0,1.14,1.48,32.23,28.2,profit_target,677.98,2026-02-05
2026-02-05 15:25:00-05:00,2026-02-05 15:30:00-05:00,P,677.0,1.56,1.74,16.3,10.5,profit_target,677.32,2026-02-05
2026-02-05 15:35:00-05:00,2026-02-05 15:40:00-05:00,P,677.0,1.58,1.82,22.2,14.1,profit_target,677.12,2026-02-05
2026-02-05 15:45:00-05:00,2026-02-05 15:50:00-05:00,P,677.0,1.83,1.6,-24.46,-13.4,stop_loss,677.08,2026-02-05
2026-02-05 15:55:00-05:00,2026-02-06 11:25:00-05:00,P,676.0,1.01,1.0,-3.0,-3.0,max_hold_time,687.11,2026-02-05
2026-02-06 13:25:00-05:00,2026-02-06 13:35:00-05:00,C,690.0,2.33,2.43,8.21,3.5,profit_target,689.3,2026-02-06
2026-02-06 13:40:00-05:00,2026-02-06 13:55:00-05:00,C,690.0,2.4,2.3,-11.95,-5.0,stop_loss,689.03,2026-02-06
2026-02-06 13:30:00-05:00,2026-02-06 14:00:00-05:00,C,691.0,1.88,2.03,12.28,6.5,profit_target,689.35,2026-02-06
2026-02-06 14:45:00-05:00,2026-02-06 15:20:00-05:00,C,692.0,1.35,1.51,13.41,9.9,profit_target,690.01,2026-02-06
2026-02-06 15:00:00-05:00,2026-02-06 15:20:00-05:00,C,691.0,1.7,1.94,22.25,13.1,profit_target,690.01,2026-02-06
2026-02-06 15:05:00-05:00,2026-02-06 15:20:00-05:00,C,690.0,2.22,2.45,21.12,9.5,profit_target,690.01,2026-02-06
2026-02-06 15:25:00-05:00,2026-02-06 15:40:00-05:00,C,691.0,1.87,2.48,59.63,31.9,profit_target,690.75,2026-02-06
2026-02-06 15:30:00-05:00,2026-02-06 15:40:00-05:00,C,690.0,2.41,3.04,61.21,25.4,profit_target,690.75,2026-02-06
2026-02-06 15:45:00-05:00,2026-02-06 15:50:00-05:00,C,692.0,2.14,2.94,77.43,36.1,profit_target,692.0,2026-02-06
2026-02-09 09:35:00-05:00,2026-02-09 09:45:00-05:00,P,689.0,2.38,2.29,-11.01,-4.6,stop_loss,691.24,2026-02-09
2026-02-09 09:30:00-05:00,2026-02-09 09:50:00-05:00,P,688.0,2.06,2.37,28.7,13.9,profit_target,690.46,2026-02-09
2026-02-09 11:20:00-05:00,2026-02-09 11:30:00-05:00,C,697.0,1.99,1.72,-28.97,-14.5,stop_loss,694.59,2026-02-09
2026-02-09 11:35:00-05:00,2026-02-09 11:50:00-05:00,C,697.0,1.71,1.88,15.18,8.9,profit_target,695.38,2026-02-09
2026-02-09 09:55:00-05:00,2026-02-09 11:55:00-05:00,P,688.0,2.31,2.3,-3.0,-1.3,max_hold_time,695.39,2026-02-09
2026-02-09 12:00:00-05:00,2026-02-09 12:15:00-05:00,C,698.0,1.27,0.65,-63.19,-49.9,stop_loss,695.51,2026-02-09
2026-02-09 12:55:00-05:00,2026-02-09 13:05:00-05:00,P,694.0,1.06,0.94,-14.23,-13.4,stop_loss,694.87,2026-02-09
2026-02-09 13:10:00-05:00,2026-02-09 13:20:00-05:00,P,694.0,0.95,1.05,8.04,8.5,profit_target,694.58,2026-02-09
2026-02-09 13:15:00-05:00,2026-02-09 13:20:00-05:00,P,695.0,1.39,1.5,9.75,7.0,profit_target,694.58,2026-02-09
2026-02-09 13:00:00-05:00,2026-02-09 13:25:00-05:00,P,693.0,0.67,0.81,11.92,17.8,profit_target,694.23,2026-02-09
2026-02-09 13:30:00-05:00,2026-02-09 13:40:00-05:00,P,694.0,1.03,0.89,-15.78,-15.4,stop_loss,695.0,2026-02-09
2026-02-09 13:35:00-05:00,2026-02-09 13:40:00-05:00,P,696.0,1.93,1.82,-13.46,-7.0,stop_loss,695.0,2026-02-09
2026-02-09 13:50:00-05:00,2026-02-09 14:00:00-05:00,P,694.0,0.99,0.86,-14.77,-14.9,stop_loss,695.07,2026-02-09
2026-02-09 13:55:00-05:00,2026-02-09 14:00:00-05:00,P,695.0,1.47,1.27,-22.05,-15.0,stop_loss,695.07,2026-02-09
2026-02-09 13:45:00-05:00,2026-02-09 14:10:00-05:00,C,697.0,0.74,0.88,11.89,16.2,profit_target,695.26,2026-02-09
2026-02-09 14:05:00-05:00,2026-02-09 14:10:00-05:00,C,696.0,1.09,1.28,17.3,15.9,profit_target,695.26,2026-02-09
2026-02-09 14:15:00-05:00,2026-02-09 14:20:00-05:00,C,697.0,0.92,1.03,9.06,9.9,profit_target,695.67,2026-02-09
2026-02-09 14:25:00-05:00,2026-02-09 14:50:00-05:00,C,697.0,1.06,0.97,-11.21,-10.5,stop_loss,695.54,2026-02-09
2026-02-09 14:35:00-05:00,2026-02-09 14:50:00-05:00,C,695.0,2.05,1.95,-12.92,-6.3,stop_loss,695.54,2026-02-09
2026-02-09 14:30:00-05:00,2026-02-09 14:55:00-05:00,C,696.0,1.47,1.35,-14.05,-9.6,stop_loss,695.42,2026-02-09
2026-02-09 15:00:00-05:00,2026-02-09 15:15:00-05:00,C,696.0,1.39,1.21,-20.84,-15.0,stop_loss,695.12,2026-02-09
2026-02-09 15:05:00-05:00,2026-02-09 15:15:00-05:00,P,696.0,1.55,1.74,16.78,10.8,profit_target,695.12,2026-02-09
2026-02-09 15:10:00-05:00,2026-02-09 15:20:00-05:00,P,694.0,0.75,0.91,14.18,18.9,profit_target,694.91,2026-02-09
2026-02-09 15:25:00-05:00,2026-02-09 15:30:00-05:00,P,693.0,0.7,0.84,12.36,17.7,profit_target,694.1,2026-02-09
2026-02-09 15:35:00-05:00,2026-02-09 15:40:00-05:00,P,693.0,0.79,0.68,-12.85,-16.3,stop_loss,694.61,2026-02-09
2026-02-09 15:45:00-05:00,2026-02-09 15:50:00-05:00,P,693.0,0.63,0.77,12.48,20.0,profit_target,694.31,2026-02-09
2026-02-09 15:55:00-05:00,2026-02-10 09:35:00-05:00,P,693.0,0.95,1.33,36.32,38.3,profit_target,694.37,2026-02-09
2026-02-10 09:30:00-05:00,2026-02-10 09:50:00-05:00,C,697.0,1.21,2.13,89.77,74.3,profit_target,695.37,2026-02-10
2026-02-10 09:40:00-05:00,2026-02-10 09:50:00-05:00,C,696.0,1.35,2.57,120.85,89.8,profit_target,695.37,2026-02-10
2026-02-10 09:55:00-05:00,2026-02-10 10:05:00-05:00,P,694.0,1.89,1.74,-17.43,-9.2,stop_loss,696.2,2026-02-10
2026-02-10 10:00:00-05:00,2026-02-10 10:05:00-05:00,C,698.0,1.94,2.12,15.47,8.0,profit_target,696.2,2026-02-10
2026-02-10 09:45:00-05:00,2026-02-10 10:10:00-05:00,P,693.0,1.53,1.81,25.98,17.0,profit_target,695.41,2026-02-10
2026-02-10 10:15:00-05:00,2026-02-10 10:20:00-05:00,P,694.0,2.05,2.33,25.66,12.5,profit_target,695.47,2026-02-10
2026-02-10 10:30:00-05:00,2026-02-10 10:35:00-05:00,C,698.0,2.32,2.18,-16.03,-6.9,stop_loss,695.61,2026-02-10
2026-02-10 10:25:00-05:00,2026-02-10 10:40:00-05:00,P,694.0,2.17,2.05,-14.55,-6.7,stop_loss,696.07,2026-02-10
2026-02-10 10:45:00-05:00,2026-02-10 10:55:00-05:00,P,694.0,2.2,2.34,11.9,5.4,profit_target,695.39,2026-02-10
2026-02-10 11:00:00-05:00,2026-02-10 11:05:00-05:00,P,693.0,1.89,2.27,36.13,19.1,profit_target,694.62,2026-02-10
2026-02-10 11:10:00-05:00,2026-02-10 11:15:00-05:00,P,693.0,1.9,1.75,-17.07,-9.0,stop_loss,694.96,2026-02-10
2026-02-10 11:20:00-05:00,2026-02-10 11:25:00-05:00,P,693.0,1.93,1.83,-11.82,-6.1,stop_loss,694.78,2026-02-10
2026-02-10 10:50:00-05:00,2026-02-10 12:15:00-05:00,C,698.0,2.19,0.9,-130.8,-59.8,stop_loss,695.61,2026-02-10
2026-02-10 12:40:00-05:00,2026-02-10 12:45:00-05:00,C,697.0,1.2,0.93,-28.66,-23.9,stop_loss,695.5,2026-02-10
2026-02-10 13:10:00-05:00,2026-02-10 13:15:00-05:00,P,696.0,2.08,2.44,34.32,16.5,profit_target,694.12,2026-02-10
2026-02-10 13:20:00-05:00,2026-02-10 13:25:00-05:00,P,693.0,0.89,1.34,42.76,47.9,profit_target,693.45,2026-02-10
2026-02-10 13:40:00-05:00,2026-02-10 13:45:00-05:00,P,694.0,1.79,1.9,9.24,5.2,profit_target,693.13,2026-02-10
2026-02-10 13:50:00-05:00,2026-02-10 13:55:00-05:00,P,694.0,1.94,1.81,-15.06,-7.8,stop_loss,693.64,2026-02-10
2026-02-10 14:00:00-05:00,2026-02-10 14:10:00-05:00,P,694.0,1.84,1.76,-10.21,-5.5,stop_loss,693.66,2026-02-10
2026-02-10 13:35:00-05:00,2026-02-10 14:15:00-05:00,P,693.0,1.31,1.48,14.71,11.2,profit_target,693.31,2026-02-10
2026-02-10 14:25:00-05:00,2026-02-10 14:30:00-05:00,C,694.0,1.87,1.78,-10.81,-5.8,stop_loss,693.73,2026-02-10
2026-02-10 14:35:00-05:00,2026-02-10 14:40:00-05:00,C,696.0,1.05,0.93,-13.12,-12.5,stop_loss,693.51,2026-02-10
2026-02-10 13:30:00-05:00,2026-02-10 14:50:00-05:00,P,692.0,0.99,1.1,8.64,8.7,profit_target,693.47,2026-02-10
2026-02-10 14:20:00-05:00,2026-02-10 14:50:00-05:00,C,695.0,1.36,1.28,-10.35,-7.6,stop_loss,693.47,2026-02-10
2026-02-10 14:55:00-05:00,2026-02-10 15:00:00-05:00,C,695.0,1.38,1.27,-13.0,-9.4,stop_loss,693.45,2026-02-10
2026-02-10 15:05:00-05:00,2026-02-10 15:10:00-05:00,P,695.0,2.37,2.55,16.33,6.9,profit_target,693.21,2026-02-10
2026-02-10 14:45:00-05:00,2026-02-10 15:15:00-05:00,C,696.0,1.02,0.82,-22.0,-21.5,stop_loss,693.63,2026-02-10
2026-02-10 15:20:00-05:00,2026-02-10 15:35:00-05:00,P,693.0,1.41,1.24,-18.69,-13.3,stop_loss,692.95,2026-02-10
2026-02-10 15:30:00-05:00,2026-02-10 15:35:00-05:00,P,694.0,1.91,1.77,-15.82,-8.3,stop_loss,692.95,2026-02-10
2026-02-10 15:55:00-05:00,2026-02-11 09:55:00-05:00,P,692.0,1.63,3.45,179.99,110.2,profit_target,694.12,2026-02-10
2026-02-10 15:50:00-05:00,2026-02-11 10:05:00-05:00,P,691.0,1.14,3.74,258.32,227.4,profit_target,692.67,2026-02-10
2026-02-11 12:25:00-05:00,2026-02-11 12:40:00-05:00,C,696.0,2.26,1.72,-55.37,-24.5,stop_loss,693.72,2026-02-11
2026-02-11 13:30:00-05:00,2026-02-11 13:35:00-05:00,P,693.0,2.33,2.01,-33.07,-14.2,stop_loss,692.75,2026-02-11
2026-02-11 13:50:00-05:00,2026-02-11 13:55:00-05:00,C,694.0,1.36,1.28,-10.02,-7.3,stop_loss,692.73,2026-02-11
2026-02-11 14:00:00-05:00,2026-02-11 14:05:00-05:00,C,693.0,1.73,1.56,-19.14,-11.1,stop_loss,692.66,2026-02-11
2026-02-11 14:15:00-05:00,2026-02-11 14:20:00-05:00,C,694.0,1.48,1.63,13.07,8.8,profit_target,693.69,2026-02-11
2026-02-11 14:25:00-05:00,2026-02-11 14:35:00-05:00,C,695.0,1.22,0.95,-29.0,-23.8,stop_loss,693.53,2026-02-11
2026-02-11 14:30:00-05:00,2026-02-11 14:35:00-05:00,C,694.0,1.62,1.37,-26.94,-16.7,stop_loss,693.53,2026-02-11
2026-02-11 14:40:00-05:00,2026-02-11 14:45:00-05:00,C,695.0,1.02,0.81,-23.15,-22.7,stop_loss,693.19,2026-02-11
2026-02-11 14:50:00-05:00,2026-02-11 14:55:00-05:00,C,692.0,2.14,2.01,-15.1,-7.1,stop_loss,692.94,2026-02-11
2026-02-11 15:05:00-05:00,2026-02-11 15:10:00-05:00,P,694.0,1.91,1.79,-13.45,-7.1,stop_loss,692.79,2026-02-11
2026-02-11 15:20:00-05:00,2026-02-11 15:25:00-05:00,P,694.0,1.78,2.01,21.52,12.1,profit_target,692.25,2026-02-11
2026-02-11 15:30:00-05:00,2026-02-11 15:35:00-05:00,P,692.0,0.99,0.87,-14.04,-14.1,stop_loss,692.64,2026-02-11
2026-02-11 15:40:00-05:00,2026-02-11 15:45:00-05:00,P,693.0,1.42,1.25,-19.14,-13.5,stop_loss,692.9,2026-02-11
2026-02-12 09:30:00-05:00,2026-02-12 09:40:00-05:00,P,693.0,1.64,2.06,40.43,24.7,profit_target,694.03,2026-02-12
2026-02-11 15:55:00-05:00,2026-02-12 09:45:00-05:00,P,691.0,0.88,1.6,70.14,80.1,profit_target,693.32,2026-02-11
2026-02-12 09:55:00-05:00,2026-02-12 10:10:00-05:00,C,695.0,1.81,2.1,27.23,15.0,profit_target,693.38,2026-02-12
2026-02-12 09:35:00-05:00,2026-02-12 11:35:00-05:00,C,697.0,1.63,1.62,-3.0,-1.8,max_hold_time,685.58,2026-02-12
2026-02-12 09:50:00-05:00,2026-02-12 11:50:00-05:00,C,696.0,1.73,1.72,-3.0,-1.7,max_hold_time,684.2,2026-02-12
2026-02-12 11:55:00-05:00,2026-02-12 12:05:00-05:00,P,684.0,1.8,1.71,-10.42,-5.8,stop_loss,684.83,2026-02-12
2026-02-12 12:00:00-05:00,2026-02-12 12:05:00-05:00,P,685.0,2.35,2.18,-18.89,-8.0,stop_loss,684.83,2026-02-12
2026-02-12 10:15:00-05:00,2026-02-12 12:15:00-05:00,C,695.0,1.91,2.0,6.85,3.6,max_hold_time,683.52,2026-02-12
2026-02-12 12:10:00-05:00,2026-02-12 12:15:00-05:00,C,686.0,1.26,1.12,-15.99,-12.7,stop_loss,683.52,2026-02-12
2026-02-12 12:20:00-05:00,2026-02-12 12:25:00-05:00,P,683.0,1.55,1.84,27.04,17.4,profit_target,684.12,2026-02-12
2026-02-12 12:30:00-05:00,2026-02-12 12:40:00-05:00,C,687.0,1.49,1.61,9.52,6.4,profit_target,685.1,2026-02-12
2026-02-12 12:35:00-05:00,2026-02-12 12:40:00-05:00,P,683.0,1.56,1.46,-12.61,-8.1,stop_loss,685.1,2026-02-12
2026-02-12 12:45:00-05:00,2026-02-12 12:50:00-05:00,P,683.0,1.64,1.92,25.68,15.6,profit_target,683.74,2026-02-12
2026-02-12 12:55:00-05:00,2026-02-12 13:00:00-05:00,P,683.0,2.27,2.17,-12.07,-5.3,stop_loss,683.15,2026-02-12
2026-02-12 13:05:00-05:00,2026-02-12 13:10:00-05:00,P,682.0,1.44,1.34,-11.5,-8.0,stop_loss,683.3,2026-02-12
2026-02-12 13:15:00-05:00,2026-02-12 13:20:00-05:00,P,682.0,1.5,1.21,-30.56,-20.4,stop_loss,683.56,2026-02-12
2026-02-12 13:25:00-05:00,2026-02-12 13:30:00-05:00,P,683.0,1.8,1.69,-13.52,-7.5,stop_loss,683.39,2026-02-12
2026-02-12 13:35:00-05:00,2026-02-12 13:40:00-05:00,C,686.0,1.28,1.55,25.11,19.6,profit_target,684.86,2026-02-12
2026-02-12 13:50:00-05:00,2026-02-12 13:55:00-05:00,C,684.0,2.51,2.32,-20.42,-8.1,stop_loss,684.71,2026-02-12
2026-02-12 13:45:00-05:00,2026-02-12 14:00:00-05:00,C,685.0,1.87,1.45,-43.6,-23.4,stop_loss,684.48,2026-02-12
2026-02-12 14:05:00-05:00,2026-02-12 14:10:00-05:00,C,684.0,1.88,1.65,-24.67,-13.1,stop_loss,684.15,2026-02-12
2026-02-12 14:15:00-05:00,2026-02-12 14:25:00-05:00,C,686.0,1.27,0.99,-29.79,-23.5,stop_loss,684.15,2026-02-12
2026-02-12 14:20:00-05:00,2026-02-12 14:25:00-05:00,C,685.0,1.79,1.37,-43.95,-24.5,stop_loss,684.15,2026-02-12
2026-02-12 14:45:00-05:00,2026-02-12 14:50:00-05:00,C,686.0,1.61,1.46,-17.45,-10.8,stop_loss,685.34,2026-02-12
2026-02-12 14:55:00-05:00,2026-02-12 15:05:00-05:00,C,686.0,1.31,1.07,-25.39,-19.4,stop_loss,684.72,2026-02-12
2026-02-12 15:00:00-05:00,2026-02-12 15:05:00-05:00,C,685.0,1.82,1.5,-33.69,-18.5,stop_loss,684.72,2026-02-12
2026-02-12 15:10:00-05:00,2026-02-12 15:15:00-05:00,C,686.0,1.13,0.85,-30.37,-26.9,stop_loss,684.15,2026-02-12
2026-02-12 15:20:00-05:00,2026-02-12 15:25:00-05:00,P,683.0,1.16,1.4,22.07,19.1,profit_target,683.22,2026-02-12
2026-02-12 15:30:00-05:00,2026-02-12 15:40:00-05:00,P,683.0,1.51,1.63,9.88,6.5,profit_target,682.66,2026-02-12
2026-02-12 15:35:00-05:00,2026-02-12 15:40:00-05:00,P,684.0,2.08,2.21,11.63,5.6,profit_target,682.66,2026-02-12
2026-02-12 15:50:00-05:00,2026-02-12 15:55:00-05:00,P,682.0,1.67,1.78,9.11,5.5,profit_target,681.23,2026-02-12
2026-02-12 15:45:00-05:00,2026-02-13 09:30:00-05:00,P,681.0,1.16,3.36,217.4,186.7,profit_target,681.2,2026-02-12
2026-02-17 15:20:00-05:00,2026-02-17 15:30:00-05:00,P,684.0,2.35,2.56,19.47,8.3,profit_target,682.34,2026-02-17
2026-02-17 15:25:00-05:00,2026-02-17 15:30:00-05:00,P,683.0,1.76,1.98,19.87,11.3,profit_target,682.34,2026-02-17
2026-02-17 15:45:00-05:00,2026-02-17 15:50:00-05:00,P,682.0,1.54,1.68,12.04,7.8,profit_target,682.4,2026-02-17
2026-02-18 09:30:00-05:00,2026-02-18 09:35:00-05:00,C,684.0,1.71,2.16,43.09,25.2,profit_target,684.24,2026-02-18
2026-02-18 09:40:00-05:00,2026-02-18 09:45:00-05:00,C,685.0,2.09,1.85,-25.84,-12.4,stop_loss,683.73,2026-02-18
2026-02-18 10:50:00-05:00,2026-02-18 11:05:00-05:00,C,690.0,2.3,2.18,-13.67,-5.9,stop_loss,688.36,2026-02-18
2026-02-18 11:10:00-05:00,2026-02-18 11:15:00-05:00,C,690.0,2.19,2.06,-14.25,-6.5,stop_loss,688.2,2026-02-18
2026-02-17 15:55:00-05:00,2026-02-18 11:25:00-05:00,P,681.0,1.2,1.19,-3.0,-2.5,max_hold_time,688.22,2026-02-17
2026-02-18 12:25:00-05:00,2026-02-18 12:30:00-05:00,P,689.0,1.46,1.6,12.63,8.7,profit_target,687.96,2026-02-18
2026-02-18 12:35:00-05:00,2026-02-18 12:50:00-05:00,C,690.0,0.54,0.76,20.13,37.6,profit_target,688.66,2026-02-18
2026-02-18 12:40:00-05:00,2026-02-18 12:50:00-05:00,C,689.0,0.82,1.17,33.37,40.7,profit_target,688.66,2026-02-18
2026-02-18 12:55:00-05:00,2026-02-18 13:20:00-05:00,C,690.0,0.7,0.6,-11.6,-16.6,stop_loss,688.12,2026-02-18
2026-02-18 13:00:00-05:00,2026-02-18 13:20:00-05:00,P,687.0,0.53,0.73,18.34,34.9,profit_target,688.12,2026-02-18
2026-02-18 13:05:00-05:00,2026-02-18 13:20:00-05:00,P,688.0,0.95,1.13,16.49,17.4,profit_target,688.12,2026-02-18
2026-02-18 13:25:00-05:00,2026-02-18 13:40:00-05:00,P,686.0,0.54,0.65,9.84,18.4,profit_target,687.08,2026-02-18
2026-02-18 13:30:00-05:00,2026-02-18 13:40:00-05:00,P,687.0,0.85,1.05,18.56,21.9,profit_target,687.08,2026-02-18
2026-02-18 13:35:00-05:00,2026-02-18 13:40:00-05:00,P,688.0,1.33,1.59,23.37,17.5,profit_target,687.08,2026-02-18
2026-02-18 13:50:00-05:00,2026-02-18 13:55:00-05:00,P,687.0,1.1,0.97,-14.78,-13.5,stop_loss,686.98,2026-02-18
2026-02-18 13:45:00-05:00,2026-02-18 14:05:00-05:00,P,686.0,0.58,0.86,25.78,44.5,profit_target,686.68,2026-02-18
2026-02-18 14:00:00-05:00,2026-02-18 14:05:00-05:00,P,687.0,0.9,1.31,39.74,44.4,profit_target,686.68,2026-02-18
2026-02-18 14:15:00-05:00,2026-02-18 14:20:00-05:00,P,687.0,1.55,1.39,-18.08,-11.7,stop_loss,686.68,2026-02-18
2026-02-18 14:10:00-05:00,2026-02-18 14:30:00-05:00,P,686.0,0.97,1.21,22.24,22.9,profit_target,685.88,2026-02-18
2026-02-18 14:25:00-05:00,2026-02-18 14:30:00-05:00,P,685.0,0.67,0.78,9.18,13.7,profit_target,685.88,2026-02-18
2026-02-18 14:35:00-05:00,2026-02-18 14:50:00-05:00,P,685.0,1.14,1.31,14.49,12.7,profit_target,684.86,2026-02-18
2026-02-18 14:40:00-05:00,2026-02-18 14:50:00-05:00,P,686.0,1.63,1.87,21.3,13.0,profit_target,684.86,2026-02-18
2026-02-18 14:45:00-05:00,2026-02-18 14:50:00-05:00,P,687.0,2.2,2.54,31.3,14.2,profit_target,684.86,2026-02-18
2026-02-18 14:55:00-05:00,2026-02-18 15:00:00-05:00,P,685.0,1.45,1.33,-13.22,-9.1,stop_loss,684.99,2026-02-18
2026-02-18 15:10:00-05:00,2026-02-18 15:30:00-05:00,P,685.0,1.66,1.53,-14.91,-9.0,stop_loss,685.1,2026-02-18
2026-02-18 15:15:00-05:00,2026-02-18 15:30:00-05:00,P,686.0,2.31,2.05,-28.05,-12.1,stop_loss,685.1,2026-02-18
2026-02-18 15:05:00-05:00,2026-02-18 15:35:00-05:00,P,684.0,1.11,1.0,-12.63,-11.4,stop_loss,685.53,2026-02-18
2026-02-18 15:40:00-05:00,2026-02-18 15:45:00-05:00,C,688.0,0.83,1.12,26.82,32.4,profit_target,686.38,2026-02-18
2026-02-19 09:30:00-05:00,2026-02-19 09:35:00-05:00,C,686.0,1.4,1.27,-14.73,-10.5,stop_loss,683.62,2026-02-19
2026-02-19 09:40:00-05:00,2026-02-19 09:50:00-05:00,C,687.0,1.4,1.54,12.24,8.8,profit_target,684.88,2026-02-19
2026-02-18 15:55:00-05:00,2026-02-19 10:00:00-05:00,C,688.0,1.27,1.41,11.79,9.3,profit_target,685.51,2026-02-18
2026-02-19 09:55:00-05:00,2026-02-19 10:05:00-05:00,P,683.0,1.5,1.86,33.45,22.3,profit_target,684.39,2026-02-19
2026-02-19 10:10:00-05:00,2026-02-19 10:15:00-05:00,P,683.0,1.95,1.7,-26.53,-13.6,stop_loss,684.8,2026-02-19
2026-02-19 10:20:00-05:00,2026-02-19 10:30:00-05:00,C,687.0,1.84,2.5,63.5,34.4,profit_target,685.7,2026-02-19
2026-02-19 10:25:00-05:00,2026-02-19 10:50:00-05:00,P,682.0,1.87,1.99,9.81,5.2,profit_target,684.35,2026-02-19
2026-02-19 10:35:00-05:00,2026-02-19 10:50:00-05:00,P,683.0,1.94,2.39,43.12,22.2,profit_target,684.35,2026-02-19
2026-02-19 10:55:00-05:00,2026-02-19 11:00:00-05:00,P,683.0,2.05,2.29,22.03,10.8,profit_target,684.64,2026-02-19
2026-02-19 11:05:00-05:00,2026-02-19 11:10:00-05:00,C,687.0,2.06,1.69,-39.05,-18.9,stop_loss,684.91,2026-02-19
2026-02-18 15:50:00-05:00,2026-02-19 11:20:00-05:00,C,689.0,1.06,1.05,-3.0,-2.8,max_hold_time,685.53,2026-02-18
2026-02-19 11:15:00-05:00,2026-02-19 11:20:00-05:00,C,688.0,1.61,1.49,-14.4,-8.9,stop_loss,685.53,2026-02-19
2026-02-19 11:30:00-05:00,2026-02-19 11:35:00-05:00,P,683.0,1.72,1.95,21.27,12.4,profit_target,684.63,2026-02-19
2026-02-19 11:25:00-05:00,2026-02-19 11:40:00-05:00,P,682.0,1.7,2.0,28.39,16.7,profit_target,683.63,2026-02-19
2026-02-19 11:50:00-05:00,2026-02-19 11:55:00-05:00,P,682.0,1.81,1.98,14.73,8.1,profit_target,683.52,2026-02-19
2026-02-19 11:45:00-05:00,2026-02-19 12:05:00-05:00,P,681.0,1.68,1.6,-10.17,-6.1,stop_loss,683.04,2026-02-19
2026-02-19 12:00:00-05:00,2026-02-19 12:05:00-05:00,P,682.0,2.19,2.0,-20.99,-9.6,stop_loss,683.04,2026-02-19
2026-02-19 12:45:00-05:00,2026-02-19 13:00:00-05:00,P,681.0,1.29,1.42,11.02,8.6,profit_target,682.07,2026-02-19
2026-02-19 12:55:00-05:00,2026-02-19 13:00:00-05:00,P,682.0,1.7,1.87,14.55,8.6,profit_target,682.07,2026-02-19
2026-02-19 13:05:00-05:00,2026-02-19 13:10:00-05:00,P,682.0,1.47,1.08,-40.31,-27.5,stop_loss,683.27,2026-02-19
2026-02-19 13:15:00-05:00,2026-02-19 13:20:00-05:00,P,682.0,1.74,1.49,-27.02,-15.5,stop_loss,682.38,2026-02-19
2026-02-19 13:25:00-05:00,2026-02-19 13:35:00-05:00,P,682.0,1.48,1.3,-19.57,-13.3,stop_loss,682.5,2026-02-19
2026-02-19 13:45:00-05:00,2026-02-19 13:55:00-05:00,C,684.0,1.36,1.47,9.1,6.7,profit_target,683.74,2026-02-19
2026-02-19 13:50:00-05:00,2026-02-19 13:55:00-05:00,C,683.0,1.77,2.0,20.61,11.6,profit_target,683.74,2026-02-19
2026-02-19 14:00:00-05:00,2026-02-19 14:05:00-05:00,C,684.0,1.38,1.54,14.3,10.4,profit_target,683.99,2026-02-19
2026-02-19 14:10:00-05:00,2026-02-19 14:15:00-05:00,C,684.0,1.42,1.54,9.95,7.0,profit_target,683.95,2026-02-19
2026-02-19 14:20:00-05:00,2026-02-19 14:25:00-05:00,C,685.0,1.1,0.73,-38.84,-35.4,stop_loss,683.27,2026-02-19
2026-02-19 14:35:00-05:00,2026-02-19 14:40:00-05:00,P,682.0,1.59,1.39,-22.23,-14.0,stop_loss,682.47,2026-02-19
2026-02-19 14:45:00-05:00,2026-02-19 14:50:00-05:00,P,682.0,1.36,1.28,-10.01,-7.4,stop_loss,682.46,2026-02-19
2026-02-19 14:55:00-05:00,2026-02-19 15:00:00-05:00,P,682.0,1.01,0.79,-24.15,-23.9,stop_loss,683.29,2026-02-19
2026-02-19 15:05:00-05:00,2026-02-19 15:15:00-05:00,P,682.0,0.9,0.79,-12.79,-14.2,stop_loss,683.24,2026-02-19
2026-02-19 15:10:00-05:00,2026-02-19 15:15:00-05:00,P,685.0,2.44,2.35,-10.53,-4.3,stop_loss,683.24,2026-02-19
2026-02-19 15:20:00-05:00,2026-02-19 15:25:00-05:00,C,683.0,1.39,1.28,-12.96,-9.3,stop_loss,682.9,2026-02-19
2026-02-19 15:30:00-05:00,2026-02-19 15:35:00-05:00,C,683.0,1.53,1.43,-11.95,-7.8,stop_loss,683.21,2026-02-19
2026-02-19 15:40:00-05:00,2026-02-19 15:45:00-05:00,C,685.0,0.65,0.84,16.93,26.2,profit_target,683.86,2026-02-19
2026-02-19 15:50:00-05:00,2026-02-19 15:55:00-05:00,C,685.0,0.86,1.13,24.22,28.0,profit_target,684.51,2026-02-19
2026-02-23 10:30:00-05:00,2026-02-23 10:40:00-05:00,P,682.0,2.51,2.63,10.8,4.3,profit_target,683.68,2026-02-23
2026-02-23 10:50:00-05:00,2026-02-23 10:55:00-05:00,P,681.0,2.47,2.7,20.39,8.2,profit_target,682.26,2026-02-23
2026-02-23 09:40:00-05:00,2026-02-23 11:40:00-05:00,C,690.0,2.4,2.39,-3.0,-1.2,max_hold_time,682.4,2026-02-23
2026-02-23 11:20:00-05:00,2026-02-23 11:40:00-05:00,P,680.0,1.9,1.69,-22.93,-12.1,stop_loss,682.4,2026-02-23
2026-02-23 11:25:00-05:00,2026-02-23 11:40:00-05:00,P,681.0,2.34,2.07,-29.31,-12.5,stop_loss,682.4,2026-02-23
2026-02-23 11:55:00-05:00,2026-02-23 12:10:00-05:00,C,683.0,2.51,2.39,-13.84,-5.5,stop_loss,681.77,2026-02-23
2026-02-23 12:05:00-05:00,2026-02-23 12:10:00-05:00,C,684.0,2.13,1.97,-18.36,-8.6,stop_loss,681.77,2026-02-23
2026-02-23 11:45:00-05:00,2026-02-23 12:35:00-05:00,P,680.0,1.79,2.25,43.85,24.5,profit_target,680.62,2026-02-23
2026-02-23 12:25:00-05:00,2026-02-23 12:35:00-05:00,P,681.0,2.29,2.72,40.99,17.9,profit_target,680.62,2026-02-23
2026-02-23 12:40:00-05:00,2026-02-23 12:50:00-05:00,P,681.0,2.3,2.09,-22.95,-10.0,stop_loss,681.96,2026-02-23
2026-02-23 13:15:00-05:00,2026-02-23 13:20:00-05:00,C,683.0,2.34,2.78,42.6,18.2,profit_target,683.74,2026-02-23
2026-02-23 13:25:00-05:00,2026-02-23 13:35:00-05:00,C,684.0,2.24,2.05,-20.39,-9.1,stop_loss,683.38,2026-02-23
2026-02-23 13:40:00-05:00,2026-02-23 13:55:00-05:00,C,684.0,1.96,1.8,-18.29,-9.3,stop_loss,682.01,2026-02-23
2026-02-23 14:00:00-05:00,2026-02-23 14:10:00-05:00,P,681.0,2.02,1.94,-10.48,-5.2,stop_loss,681.86,2026-02-23
2026-02-23 14:05:00-05:00,2026-02-23 14:15:00-05:00,P,682.0,2.43,2.22,-23.14,-9.5,stop_loss,681.76,2026-02-23
2026-02-23 14:20:00-05:00,2026-02-23 14:25:00-05:00,P,681.0,1.67,1.97,27.88,16.7,profit_target,681.27,2026-02-23
2026-02-23 14:30:00-05:00,2026-02-23 14:40:00-05:00,P,681.0,1.64,1.77,11.05,6.7,profit_target,680.86,2026-02-23
2026-02-23 14:35:00-05:00,2026-02-23 14:45:00-05:00,P,682.0,2.23,2.05,-19.96,-9.0,stop_loss,681.37,2026-02-23
2026-02-23 15:25:00-05:00,2026-02-23 15:30:00-05:00,C,681.0,2.06,2.59,50.99,24.7,profit_target,682.08,2026-02-23
2026-02-23 15:35:00-05:00,2026-02-23 15:45:00-05:00,C,683.0,1.31,1.44,11.15,8.5,profit_target,681.93,2026-02-23
2026-02-23 15:40:00-05:00,2026-02-23 15:45:00-05:00,C,682.0,1.76,1.92,14.13,8.0,profit_target,681.93,2026-02-23
2026-02-23 13:50:00-05:00,2026-02-23 15:50:00-05:00,C,685.0,1.53,1.52,-3.0,-2.0,max_hold_time,681.06,2026-02-23
2026-02-23 15:55:00-05:00,2026-02-24 09:30:00-05:00,P,680.0,1.64,2.68,102.55,62.7,profit_target,680.79,2026-02-23
2026-02-24 09:35:00-05:00,2026-02-24 11:35:00-05:00,P,680.0,2.49,2.48,-3.0,-1.2,max_hold_time,685.74,2026-02-24
2026-02-24 13:00:00-05:00,2026-02-24 13:05:00-05:00,C,687.0,2.36,2.21,-17.32,-7.3,stop_loss,687.57,2026-02-24
2026-02-24 14:15:00-05:00,2026-02-24 14:35:00-05:00,P,686.0,0.82,0.72,-11.32,-13.9,stop_loss,687.0,2026-02-24
2026-02-24 14:20:00-05:00,2026-02-24 14:35:00-05:00,P,687.0,1.26,1.13,-15.32,-12.1,stop_loss,687.0,2026-02-24
2026-02-24 14:25:00-05:00,2026-02-24 14:40:00-05:00,P,688.0,1.74,1.55,-20.2,-11.6,stop_loss,687.18,2026-02-24
2026-02-24 14:45:00-05:00,2026-02-24 15:05:00-05:00,P,687.0,1.05,1.2,12.54,11.9,profit_target,686.85,2026-02-24
2026-02-24 15:00:00-05:00,2026-02-24 15:05:00-05:00,C,687.0,1.42,1.3,-13.63,-9.6,stop_loss,686.85,2026-02-24
2026-02-24 15:10:00-05:00,2026-02-24 15:15:00-05:00,P,687.0,1.29,1.18,-12.44,-9.7,stop_loss,686.88,2026-02-24
2026-02-24 15:20:00-05:00,2026-02-24 15:25:00-05:00,P,687.0,1.22,1.35,11.15,9.1,profit_target,686.54,2026-02-24
2026-02-24 15:30:00-05:00,2026-02-24 15:40:00-05:00,P,687.0,1.13,1.03,-12.63,-11.2,stop_loss,687.21,2026-02-24
2026-02-24 15:35:00-05:00,2026-02-24 15:40:00-05:00,P,686.0,0.8,0.65,-17.46,-21.8,stop_loss,687.21,2026-02-24
2026-02-24 15:45:00-05:00,2026-02-24 15:50:00-05:00,C,689.0,0.73,0.86,10.59,14.4,profit_target,687.88,2026-02-24
2026-02-24 15:55:00-05:00,2026-02-25 09:30:00-05:00,C,689.0,0.7,4.66,394.33,562.9,profit_target,690.84,2026-02-24
2026-02-25 09:50:00-05:00,2026-02-25 10:00:00-05:00,P,689.0,2.5,2.71,18.85,7.5,profit_target,690.94,2026-02-25
2026-02-25 12:00:00-05:00,2026-02-25 12:05:00-05:00,C,692.0,1.4,1.29,-13.47,-9.6,stop_loss,692.09,2026-02-25
2026-02-25 11:55:00-05:00,2026-02-25 12:25:00-05:00,C,693.0,0.86,0.69,-19.05,-22.2,stop_loss,691.97,2026-02-25
2026-02-25 12:10:00-05:00,2026-02-25 12:25:00-05:00,C,692.0,1.33,1.14,-21.4,-16.1,stop_loss,691.97,2026-02-25
2026-02-25 13:00:00-05:00,2026-02-25 13:15:00-05:00,C,692.0,1.44,1.35,-10.43,-7.3,stop_loss,692.38,2026-02-25
2026-02-25 12:50:00-05:00,2026-02-25 13:20:00-05:00,C,693.0,0.91,0.8,-12.7,-14.0,stop_loss,692.27,2026-02-25
2026-02-25 12:55:00-05:00,2026-02-25 13:20:00-05:00,C,694.0,0.55,0.45,-11.75,-21.3,stop_loss,692.27,2026-02-25
2026-02-25 13:35:00-05:00,2026-02-25 13:40:00-05:00,P,693.0,1.33,1.19,-16.47,-12.4,stop_loss,692.55,2026-02-25
2026-02-25 13:50:00-05:00,2026-02-25 14:05:00-05:00,C,693.0,0.94,1.1,13.4,14.2,profit_target,692.93,2026-02-25
2026-02-25 14:15:00-05:00,2026-02-25 14:20:00-05:00,C,692.0,1.76,1.67,-11.13,-6.3,stop_loss,692.9,2026-02-25
2026-02-25 14:00:00-05:00,2026-02-25 14:30:00-05:00,C,694.0,0.61,0.76,12.91,21.2,profit_target,693.2,2026-02-25
2026-02-25 14:10:00-05:00,2026-02-25 14:30:00-05:00,C,693.0,1.07,1.24,15.19,14.3,profit_target,693.2,2026-02-25
2026-02-25 14:25:00-05:00,2026-02-25 14:30:00-05:00,C,692.0,1.65,1.87,19.33,11.7,profit_target,693.2,2026-02-25
2026-02-25 14:35:00-05:00,2026-02-25 15:10:00-05:00,C,694.0,0.78,0.7,-10.07,-12.9,stop_loss,693.08,2026-02-25
2026-02-25 14:45:00-05:00,2026-02-25 15:10:00-05:00,C,693.0,1.24,1.16,-10.11,-8.1,stop_loss,693.08,2026-02-25
2026-02-25 15:15:00-05:00,2026-02-25 15:30:00-05:00,P,693.0,0.91,1.01,8.65,9.6,profit_target,692.86,2026-02-25
2026-02-25 15:20:00-05:00,2026-02-25 15:45:00-05:00,P,692.0,0.57,0.47,-12.36,-21.5,stop_loss,693.24,2026-02-25
2026-02-25 15:50:00-05:00,2026-02-25 15:55:00-05:00,C,694.0,0.85,0.69,-18.36,-21.5,stop_loss,693.07,2026-02-25
2026-02-26 09:30:00-05:00,2026-02-26 09:40:00-05:00,P,692.0,0.65,1.13,46.07,70.5,profit_target,691.45,2026-02-26
2026-02-26 09:35:00-05:00,2026-02-26 09:40:00-05:00,P,693.0,1.23,1.8,54.72,44.5,profit_target,691.45,2026-02-26
2026-02-26 09:45:00-05:00,2026-02-26 09:55:00-05:00,P,690.0,0.46,0.57,8.87,19.3,profit_target,690.67,2026-02-26
2026-02-26 09:50:00-05:00,2026-02-26 09:55:00-05:00,P,691.0,0.89,1.02,11.59,13.1,profit_target,690.67,2026-02-26
2026-02-26 10:00:00-05:00,2026-02-26 10:05:00-05:00,P,690.0,0.72,0.88,13.74,19.0,profit_target,689.98,2026-02-26
2026-02-25 14:40:00-05:00,2026-02-26 10:10:00-05:00,C,695.0,0.4,0.38,-4.41,-11.0,max_hold_time,688.59,2026-02-25
2026-02-26 10:15:00-05:00,2026-02-26 10:20:00-05:00,P,685.0,1.22,1.74,49.75,40.8,profit_target,685.32,2026-02-26
2026-02-26 10:25:00-05:00,2026-02-26 10:30:00-05:00,P,685.0,1.63,2.22,56.24,34.4,profit_target,684.58,2026-02-26
2026-02-26 10:35:00-05:00,2026-02-26 10:40:00-05:00,P,685.0,1.94,1.83,-13.41,-6.9,stop_loss,686.93,2026-02-26
2026-02-26 10:45:00-05:00,2026-02-26 11:00:00-05:00,P,686.0,2.03,1.85,-20.38,-10.0,stop_loss,688.03,2026-02-26
2026-02-26 10:50:00-05:00,2026-02-26 11:00:00-05:00,P,687.0,2.42,2.26,-18.87,-7.8,stop_loss,688.03,2026-02-26
2026-02-26 11:05:00-05:00,2026-02-26 11:10:00-05:00,C,690.0,2.0,2.2,17.77,8.9,profit_target,688.58,2026-02-26
2026-02-26 11:15:00-05:00,2026-02-26 11:25:00-05:00,C,690.0,2.08,2.25,14.88,7.2,profit_target,688.74,2026-02-26
2026-02-26 11:40:00-05:00,2026-02-26 11:45:00-05:00,P,685.0,2.0,1.83,-18.38,-9.2,stop_loss,687.32,2026-02-26
2026-02-26 11:50:00-05:00,2026-02-26 11:55:00-05:00,P,685.0,2.11,1.72,-40.92,-19.4,stop_loss,686.25,2026-02-26
2026-02-26 12:00:00-05:00,2026-02-26 12:15:00-05:00,P,687.0,2.38,1.74,-66.55,-27.9,stop_loss,686.31,2026-02-26
2026-02-26 12:10:00-05:00,2026-02-26 12:15:00-05:00,P,686.0,1.85,1.23,-64.13,-34.7,stop_loss,686.31,2026-02-26
2026-02-26 12:45:00-05:00,2026-02-26 12:50:00-05:00,P,687.0,2.45,2.08,-38.79,-15.8,stop_loss,685.82,2026-02-26
2026-02-26 13:00:00-05:00,2026-02-26 13:10:00-05:00,P,685.0,1.38,1.26,-13.97,-10.2,stop_loss,685.33,2026-02-26
2026-02-26 13:05:00-05:00,2026-02-26 13:15:00-05:00,P,684.0,0.93,0.64,-30.73,-33.1,stop_loss,685.73,2026-02-26
2026-02-26 11:30:00-05:00,2026-02-26 13:30:00-05:00,C,691.0,1.77,1.76,-3.0,-1.7,max_hold_time,686.96,2026-02-26
2026-02-26 13:35:00-05:00,2026-02-26 13:50:00-05:00,C,688.0,1.25,1.14,-12.92,-10.3,stop_loss,687.31,2026-02-26
2026-02-26 13:40:00-05:00,2026-02-26 13:50:00-05:00,C,687.0,1.77,1.63,-16.35,-9.2,stop_loss,687.31,2026-02-26
2026-02-26 13:45:00-05:00,2026-02-26 13:50:00-05:00,C,686.0,2.38,2.23,-16.97,-7.1,stop_loss,687.31,2026-02-26
2026-02-26 13:55:00-05:00,2026-02-26 14:00:00-05:00,C,688.0,1.18,1.43,22.9,19.3,profit_target,687.88,2026-02-26
2026-02-26 14:05:00-05:00,2026-02-26 14:15:00-05:00,C,688.0,1.76,1.88,9.63,5.5,profit_target,688.97,2026-02-26
2026-02-26 14:10:00-05:00,2026-02-26 14:20:00-05:00,C,689.0,1.27,1.39,10.86,8.6,profit_target,689.21,2026-02-26
2026-02-26 14:25:00-05:00,2026-02-26 14:30:00-05:00,C,689.0,1.15,1.45,28.35,24.7,profit_target,689.23,2026-02-26
2026-02-26 14:40:00-05:00,2026-02-26 14:45:00-05:00,C,690.0,0.86,1.03,14.96,17.4,profit_target,689.58,2026-02-26
2026-02-26 14:50:00-05:00,2026-02-26 14:55:00-05:00,C,690.0,1.02,0.88,-15.87,-15.6,stop_loss,689.02,2026-02-26
2026-02-26 14:35:00-05:00,2026-02-26 15:00:00-05:00,C,691.0,0.55,0.74,16.12,29.1,profit_target,689.57,2026-02-26
2026-02-26 15:05:00-05:00,2026-02-26 15:10:00-05:00,P,688.0,0.83,0.68,-16.47,-19.9,stop_loss,688.91,2026-02-26
2026-02-26 15:25:00-05:00,2026-02-26 15:30:00-05:00,P,688.0,0.78,0.58,-22.19,-28.4,stop_loss,689.41,2026-02-26
2026-02-26 15:40:00-05:00,2026-02-26 15:45:00-05:00,C,688.0,2.0,1.82,-20.08,-10.0,stop_loss,689.12,2026-02-26
2026-02-26 15:35:00-05:00,2026-02-26 15:50:00-05:00,P,690.0,1.47,1.64,14.63,9.9,profit_target,688.99,2026-02-26
2026-02-26 15:55:00-05:00,2026-02-27 11:25:00-05:00,C,691.0,0.49,0.48,-3.0,-6.1,max_hold_time,685.38,2026-02-26
2026-02-27 14:45:00-05:00,2026-02-27 14:55:00-05:00,P,683.0,2.02,1.93,-10.96,-5.4,stop_loss,683.35,2026-02-27
2026-02-27 14:40:00-05:00,2026-02-27 15:00:00-05:00,P,682.0,1.56,1.47,-11.87,-7.6,stop_loss,683.65,2026-02-27
2026-02-27 15:05:00-05:00,2026-02-27 15:10:00-05:00,C,686.0,1.79,3.14,133.79,74.9,profit_target,685.22,2026-02-27
2026-02-27 15:20:00-05:00,2026-02-27 15:25:00-05:00,P,684.0,2.21,2.34,10.49,4.7,profit_target,685.59,2026-02-27
2026-02-27 15:30:00-05:00,2026-02-27 15:35:00-05:00,P,683.0,2.08,2.64,54.43,26.2,profit_target,684.63,2026-02-27
2026-02-27 15:40:00-05:00,2026-02-27 15:45:00-05:00,P,683.0,2.36,1.96,-41.15,-17.5,stop_loss,685.44,2026-02-27
2026-02-27 15:50:00-05:00,2026-02-27 15:55:00-05:00,P,684.0,2.3,2.18,-13.74,-6.0,stop_loss,686.28,2026-02-27
2026-03-02 13:05:00-05:00,2026-03-02 13:15:00-05:00,C,689.0,2.18,1.6,-60.49,-27.7,stop_loss,686.56,2026-03-02
2026-03-02 14:05:00-05:00,2026-03-02 14:10:00-05:00,P,685.0,1.23,1.08,-16.9,-13.7,stop_loss,686.93,2026-03-02
2026-03-02 14:15:00-05:00,2026-03-02 14:25:00-05:00,C,690.0,1.39,1.6,18.74,13.4,profit_target,688.2,2026-03-02
2026-03-02 14:20:00-05:00,2026-03-02 14:25:00-05:00,C,688.0,2.21,2.53,30.84,14.0,profit_target,688.2,2026-03-02
2026-03-02 14:30:00-05:00,2026-03-02 14:40:00-05:00,C,690.0,1.66,1.55,-12.3,-7.4,stop_loss,688.06,2026-03-02
2026-03-02 14:45:00-05:00,2026-03-02 14:55:00-05:00,C,690.0,1.6,1.51,-11.59,-7.2,stop_loss,688.2,2026-03-02
2026-03-02 14:50:00-05:00,2026-03-02 14:55:00-05:00,C,689.0,2.14,1.94,-22.4,-10.5,stop_loss,688.2,2026-03-02
2026-03-02 15:00:00-05:00,2026-03-02 15:50:00-05:00,C,689.0,1.87,2.63,73.82,39.4,profit_target,686.74,2026-03-02
2026-03-02 15:45:00-05:00,2026-03-02 15:55:00-05:00,P,684.0,2.35,2.18,-19.25,-8.2,stop_loss,686.37,2026-03-02
2026-03-03 15:15:00-05:00,2026-03-03 15:25:00-05:00,C,682.0,2.43,2.67,22.74,9.4,profit_target,681.05,2026-03-03
2026-03-03 15:50:00-05:00,2026-03-03 15:55:00-05:00,P,679.0,2.06,1.95,-13.73,-6.7,stop_loss,680.28,2026-03-03
2026-03-04 09:50:00-05:00,2026-03-04 11:50:00-05:00,P,679.0,2.41,2.46,3.35,1.4,max_hold_time,686.08,2026-03-04
2026-03-04 14:00:00-05:00,2026-03-04 14:05:00-05:00,C,687.0,1.21,1.05,-18.19,-15.1,stop_loss,686.73,2026-03-04
2026-03-04 14:10:00-05:00,2026-03-04 14:15:00-05:00,C,687.0,1.11,1.02,-10.83,-9.8,stop_loss,686.8,2026-03-04
2026-03-04 14:20:00-05:00,2026-03-04 14:25:00-05:00,C,686.0,1.63,1.46,-18.37,-11.3,stop_loss,686.6,2026-03-04
2026-03-04 14:50:00-05:00,2026-03-04 14:55:00-05:00,C,687.0,1.13,1.02,-12.85,-11.4,stop_loss,686.81,2026-03-04
2026-03-04 15:00:00-05:00,2026-03-04 15:05:00-05:00,C,687.0,1.08,0.86,-23.3,-21.7,stop_loss,686.49,2026-03-04
2026-03-04 15:10:00-05:00,2026-03-04 15:20:00-05:00,P,685.0,0.49,0.62,11.55,23.7,profit_target,685.75,2026-03-04
2026-03-04 15:15:00-05:00,2026-03-04 15:25:00-05:00,P,686.0,0.97,0.83,-15.51,-16.1,stop_loss,686.23,2026-03-04
2026-03-04 15:30:00-05:00,2026-03-04 15:40:00-05:00,P,685.0,0.55,0.39,-17.87,-32.5,stop_loss,686.5,2026-03-04
2026-03-04 15:35:00-05:00,2026-03-04 15:40:00-05:00,P,686.0,0.87,0.72,-17.4,-20.0,stop_loss,686.5,2026-03-04
2026-03-04 15:45:00-05:00,2026-03-04 15:50:00-05:00,P,686.0,0.81,0.98,15.47,19.2,profit_target,685.98,2026-03-04
2026-03-04 15:55:00-05:00,2026-03-05 09:30:00-05:00,P,684.0,0.68,1.12,41.75,61.4,profit_target,684.13,2026-03-04
2026-03-05 09:35:00-05:00,2026-03-05 09:40:00-05:00,P,684.0,1.37,2.07,68.58,50.1,profit_target,682.69,2026-03-05
2026-03-05 09:45:00-05:00,2026-03-05 09:50:00-05:00,P,684.0,1.97,1.65,-34.02,-17.3,stop_loss,683.86,2026-03-05
2026-03-05 10:00:00-05:00,2026-03-05 10:05:00-05:00,P,683.0,1.38,1.72,32.02,23.2,profit_target,683.52,2026-03-05
2026-03-05 09:55:00-05:00,2026-03-05 11:55:00-05:00,C,687.0,1.16,1.15,-3.0,-2.6,max_hold_time,681.06,2026-03-05
2026-03-05 10:10:00-05:00,2026-03-05 12:10:00-05:00,C,686.0,1.43,1.42,-3.0,-2.1,max_hold_time,680.55,2026-03-05
2026-03-05 10:15:00-05:00,2026-03-05 12:15:00-05:00,C,685.0,1.45,1.44,-3.0,-2.1,max_hold_time,679.3,2026-03-05
2026-03-05 12:25:00-05:00,2026-03-05 12:30:00-05:00,P,678.0,2.01,2.58,55.32,27.5,profit_target,677.33,2026-03-05
2026-03-05 12:35:00-05:00,2026-03-05 12:40:00-05:00,P,678.0,2.33,2.61,26.42,11.4,profit_target,677.26,2026-03-05
2026-03-05 12:55:00-05:00,2026-03-05 13:00:00-05:00,P,677.0,2.48,2.15,-34.6,-14.0,stop_loss,677.09,2026-03-05
2026-03-05 13:05:00-05:00,2026-03-05 13:10:00-05:00,P,677.0,1.91,1.76,-16.69,-8.7,stop_loss,678.02,2026-03-05
2026-03-05 13:15:00-05:00,2026-03-05 13:20:00-05:00,P,676.0,2.24,2.03,-23.0,-10.3,stop_loss,676.93,2026-03-05
2026-03-05 13:25:00-05:00,2026-03-05 13:35:00-05:00,P,676.0,2.3,2.1,-21.74,-9.5,stop_loss,676.7,2026-03-05
2026-03-05 13:30:00-05:00,2026-03-05 13:35:00-05:00,C,678.0,1.79,1.92,11.84,6.6,profit_target,676.7,2026-03-05
2026-03-05 13:40:00-05:00,2026-03-05 13:45:00-05:00,C,678.0,2.38,1.88,-52.08,-21.9,stop_loss,676.91,2026-03-05
2026-03-05 13:50:00-05:00,2026-03-05 13:55:00-05:00,P,675.0,1.85,1.55,-31.56,-17.1,stop_loss,676.62,2026-03-05
2026-03-05 12:00:00-05:00,2026-03-05 14:00:00-05:00,C,684.0,1.32,1.31,-3.0,-2.3,max_hold_time,676.75,2026-03-05
2026-03-05 14:10:00-05:00,2026-03-05 14:20:00-05:00,C,678.0,1.86,1.67,-21.37,-11.5,stop_loss,677.21,2026-03-05
2026-03-05 14:15:00-05:00,2026-03-05 14:20:00-05:00,C,677.0,2.28,2.15,-15.41,-6.8,stop_loss,677.21,2026-03-05
2026-03-05 14:25:00-05:00,2026-03-05 14:30:00-05:00,P,677.0,2.08,2.5,39.23,18.8,profit_target,675.99,2026-03-05
2026-03-05 15:05:00-05:00,2026-03-05 15:10:00-05:00,C,678.0,1.84,2.17,31.54,17.2,profit_target,678.82,2026-03-05
2026-03-05 15:15:00-05:00,2026-03-05 15:20:00-05:00,C,679.0,1.79,2.08,26.91,15.0,profit_target,679.82,2026-03-05
2026-03-05 15:25:00-05:00,2026-03-05 15:30:00-05:00,C,679.0,1.77,1.97,18.63,10.5,profit_target,680.05,2026-03-05
2026-03-05 15:35:00-05:00,2026-03-05 15:45:00-05:00,C,679.0,1.96,2.28,30.37,15.5,profit_target,680.51,2026-03-05
2026-03-05 15:50:00-05:00,2026-03-06 11:20:00-05:00,C,681.0,1.65,1.67,0.63,0.4,max_hold_time,674.43,2026-03-05
2026-03-05 15:55:00-05:00,2026-03-06 11:25:00-05:00,C,680.0,2.3,2.29,-3.0,-1.3,max_hold_time,674.42,2026-03-05
2026-03-09 13:15:00-04:00,2026-03-09 13:20:00-04:00,P,670.0,2.36,2.94,55.93,23.7,profit_target,669.02,2026-03-09
2026-03-09 13:25:00-04:00,2026-03-09 13:30:00-04:00,P,669.0,2.4,2.31,-11.28,-4.7,stop_loss,668.81,2026-03-09
2026-03-09 13:45:00-04:00,2026-03-09 13:50:00-04:00,P,669.0,2.48,2.33,-16.83,-6.8,stop_loss,669.16,2026-03-09
2026-03-09 13:55:00-04:00,2026-03-09 14:00:00-04:00,P,668.0,2.07,1.85,-23.6,-11.4,stop_loss,669.06,2026-03-09
2026-03-09 14:10:00-04:00,2026-03-09 14:15:00-04:00,C,670.0,2.47,2.95,45.66,18.5,profit_target,670.21,2026-03-09
2026-03-09 14:20:00-04:00,2026-03-09 14:30:00-04:00,C,671.0,2.16,2.95,77.42,35.9,profit_target,671.06,2026-03-09
2026-03-09 14:35:00-04:00,2026-03-09 14:40:00-04:00,C,673.0,1.97,1.86,-13.86,-7.0,stop_loss,670.86,2026-03-09
2026-03-09 14:45:00-04:00,2026-03-09 14:55:00-04:00,C,672.0,2.32,1.89,-45.5,-19.6,stop_loss,670.08,2026-03-09
2026-03-09 15:05:00-04:00,2026-03-09 15:15:00-04:00,C,672.0,1.78,5.34,353.99,199.1,profit_target,673.41,2026-03-09
2026-03-09 15:10:00-04:00,2026-03-09 15:15:00-04:00,C,671.0,2.26,5.91,363.2,160.5,profit_target,673.41,2026-03-09
2026-03-10 11:30:00-04:00,2026-03-10 11:40:00-04:00,C,683.0,2.41,2.71,27.9,11.6,profit_target,681.49,2026-03-10
2026-03-10 12:50:00-04:00,2026-03-10 12:55:00-04:00,C,683.0,2.24,1.89,-36.62,-16.4,stop_loss,681.45,2026-03-10
2026-03-10 12:35:00-04:00,2026-03-10 13:10:00-04:00,C,684.0,1.76,1.58,-19.86,-11.3,stop_loss,681.81,2026-03-10
2026-03-10 13:00:00-04:00,2026-03-10 13:10:00-04:00,C,683.0,2.1,1.98,-13.93,-6.6,stop_loss,681.81,2026-03-10
2026-03-10 13:15:00-04:00,2026-03-10 13:25:00-04:00,C,685.0,1.66,1.87,18.63,11.2,profit_target,683.26,2026-03-10
2026-03-10 13:20:00-04:00,2026-03-10 13:25:00-04:00,C,683.0,2.48,2.8,29.86,12.0,profit_target,683.26,2026-03-10
2026-03-10 13:35:00-04:00,2026-03-10 13:40:00-04:00,P,680.0,2.28,2.12,-17.78,-7.8,stop_loss,681.29,2026-03-10
2026-03-10 13:45:00-04:00,2026-03-10 13:50:00-04:00,P,681.0,2.27,2.12,-17.28,-7.6,stop_loss,682.38,2026-03-10
2026-03-10 13:30:00-04:00,2026-03-10 14:00:00-04:00,C,684.0,2.17,2.07,-11.92,-5.5,stop_loss,682.05,2026-03-10
2026-03-10 13:55:00-04:00,2026-03-10 14:05:00-04:00,P,680.0,1.86,2.14,25.99,14.0,profit_target,681.46,2026-03-10
